directory,max_prefix,live_length,archive_length
www.molokaiartscenter.org_1,8,18,18
www.yyzartistsoutlet.org_1,7,16,16
www.richardfung.ca_1,0,0,0
www.blackartauction.com_1,6,6,6
www.primary-colours.ca_1,1,1,1
www.beatnation.org_1,0,0,0
momus.ca_1,15,15,15
venicebiennale.britishcouncil.org_1,7,37,9
www.irelandatvenice2022.ie_1,2,2,2
www.natasharia.com_1,0,0,0
chicagoimagists.com_1,0,1,1
venezia-biennale-japan.jpf.go.jp_1,4,4,4
www.arprim.org_1,7,7,7
eriac.org_1,55,60,58
www.contemporary.org_1,0,0,0
fredtruck.com_1,0,5,0
tttheartist.com_1,705,705,705
www.haystack-mtn.org_1,13,18,19
platoauctions.com_1,1,1,1
ignasiaballi.net_1,62,62,62
www.bonhams.com_1,4,7,7
bookproject2020.blogspot.com_1,3,3,3
canadianart.ca_1,6,6,6
frame-finland.fi_1,10,10,10
publicknowledge.sfmoma.org_1,3,3,3
www.fahamupecouart.com_1,11,11,11
zygotepress.org_1,9,9,9
area405.com_1,2,2,2
www.hammersleyfoundation.org_1,0,0,0
gibsonhunterstudio.com_1,0,0,0
www.lucindabunnen.com_1,0,3,0
artandpractice.org_1,22,24,24
www.myragreene.com_1,0,0,0
stovallworkshop.com_1,3,8,8
www.artsatl.org_1,11,18,17
www.artbrussels.com_1,14,14,14
soulisauctions.com_1,0,0,0
lesparadisdegranby.blogspot.com_1,13,13,13
paulwongprojects.com_1,12,12,12
icca.art_1,9,9,9
pavilionrus.com_1,0,0,0
nbss.edu_1,4,5,8
snagmetalsmith.org_1,10,11,11
latvianpavilion.lv_1,0,0,0
whippersnapper.ca_1,2,2,2
www.frontart.org_1,0,1,0
museumforartinwood.org_1,0,0,0
www.chloebeaulac.com_1,3,3,3
www.stablearts.org_1,7,7,7
floatingmuseum.org_1,8,8,8
kansascityartistscoalition.org_1,6,6,6
www.billreidgallery.ca_1,12,12,12
www.pilchuck.org_1,4,4,4
alllightexpanded.com_1,19,248,243
duoxduox.com_1,1,1,1
nationalmuseumofmexicanart.org_1,3,3,3
www.aaackc.org_1,0,0,0
missouriartists.org_1,5,9,9
hsead.org_1,10,14,10
lauristallings.org_1,0,0,0
craigcamera.com_1,0,0,0
lavacoalition.art_1,7,7,13
www.lifeofacraphead.com_1,5,6,6
pmvabf.org_1,2,5,5
candlewoodartsfestival.org_1,13,13,15
2022.vbexhibitions.hk_1,7,7,7
127garazh.org_1,10,10,10
www.gkb-furniture.com_1,8,8,8
www.aci-iac.ca_1,2,3,3
www.firstvisionart.com_1,0,0,0
front.nfshost.com_1,14,14,14
williamkentfoundation.org_1,1,1,1
www.emilycarrfoundationshow.ca_1,4,4,4
www.lilaoliverasher.com_1,0,0,0
pavilionofkosovo.com_1,13,13,13
grunt.ca_1,10,10,10
vault.jeancharlot.org_1,0,0,0
www.equinoxgallery.com_1,72,72,72
niadart.org_1,6,8,7
dcarts.emuseum.com_1,13,13,13
www.eyedrum.org_1,24,24,24
materiajournal.com_1,2,2,2
www.gallery.ca_1,0,0,4
www.wallergallery.com_1,73,73,73
croatianpavilion2022.com_1,10,10,10
www.masonfineartandevents.com_1,109,109,109
untitledartfairs.com_1,1,1,1
www.visualartscentre.ca_1,12,12,12
www.radioatelier.ca_1,6,6,6
www.forestcitygallery.com_1,0,0,0
majesticauction.ca_1,0,0,0
macm.org_1,14,18,17
www.landoauctions.com_1,0,0,0
aupuni.space_1,4,4,4
www.ktaylor.net_1,83,83,83
wyld.gallery_1,4,6,6
www.monicareyesgallery.com_1,11,11,11
